CREATE DATABASE  IF NOT EXISTS `testsystem` /*!40100 DEFAULT CHARACTER SET utf8 */;
USE `testsystem`;
-- MySQL dump 10.13  Distrib 5.7.12, for Win64 (x86_64)
--
-- Host: localhost    Database: testsystem
-- ------------------------------------------------------
-- Server version	5.7.17-log

/*!40101 SET @OLD_CHARACTER_SET_CLIENT=@@CHARACTER_SET_CLIENT */;
/*!40101 SET @OLD_CHARACTER_SET_RESULTS=@@CHARACTER_SET_RESULTS */;
/*!40101 SET @OLD_COLLATION_CONNECTION=@@COLLATION_CONNECTION */;
/*!40101 SET NAMES utf8 */;
/*!40103 SET @OLD_TIME_ZONE=@@TIME_ZONE */;
/*!40103 SET TIME_ZONE='+00:00' */;
/*!40014 SET @OLD_UNIQUE_CHECKS=@@UNIQUE_CHECKS, UNIQUE_CHECKS=0 */;
/*!40014 SET @OLD_FOREIGN_KEY_CHECKS=@@FOREIGN_KEY_CHECKS, FOREIGN_KEY_CHECKS=0 */;
/*!40101 SET @OLD_SQL_MODE=@@SQL_MODE, SQL_MODE='NO_AUTO_VALUE_ON_ZERO' */;
/*!40111 SET @OLD_SQL_NOTES=@@SQL_NOTES, SQL_NOTES=0 */;

--
-- Table structure for table `logindb1`
--

DROP TABLE IF EXISTS `logindb1`;
/*!40101 SET @saved_cs_client     = @@character_set_client */;
/*!40101 SET character_set_client = utf8 */;
CREATE TABLE `logindb1` (
  `emailId` varchar(50) NOT NULL,
  `password` varchar(20) NOT NULL,
  PRIMARY KEY (`emailId`),
  CONSTRAINT `logindb1_ibfk_1` FOREIGN KEY (`emailId`) REFERENCES `usersdb1` (`emailId`) ON DELETE CASCADE
) ENGINE=InnoDB DEFAULT CHARSET=utf8;
/*!40101 SET character_set_client = @saved_cs_client */;

--
-- Dumping data for table `logindb1`
--

LOCK TABLES `logindb1` WRITE;
/*!40000 ALTER TABLE `logindb1` DISABLE KEYS */;
INSERT INTO `logindb1` VALUES ('apurva@uic.edu','Pass@123'),('doug1@uic.edu','Pass@123'),('doug2@uic.edu','Pass@123'),('doug@uic.edu','123456'),('saai@gmail.com','poiuyt'),('saaikrishnan18@gmail.com','Pass@123'),('sibisenthur@gmail.com','asdfgh'),('sudaya2@uic.edu','Pass@123'),('vasanth@uic.edu','Pass@123'),('vrajen2@uic.edu','qwerty');
/*!40000 ALTER TABLE `logindb1` ENABLE KEYS */;
UNLOCK TABLES;

--
-- Table structure for table `orderline`
--

DROP TABLE IF EXISTS `orderline`;
/*!40101 SET @saved_cs_client     = @@character_set_client */;
/*!40101 SET character_set_client = utf8 */;
CREATE TABLE `orderline` (
  `OLID` int(11) NOT NULL AUTO_INCREMENT,
  `OID` int(11) NOT NULL,
  `PSID` varchar(50) NOT NULL,
  `Status` varchar(50) NOT NULL,
  PRIMARY KEY (`OLID`),
  KEY `OID` (`OID`),
  CONSTRAINT `orderline_ibfk_1` FOREIGN KEY (`OID`) REFERENCES `orders` (`OID`) ON DELETE CASCADE
) ENGINE=InnoDB AUTO_INCREMENT=39 DEFAULT CHARSET=utf8;
/*!40101 SET character_set_client = @saved_cs_client */;

--
-- Dumping data for table `orderline`
--

LOCK TABLES `orderline` WRITE;
/*!40000 ALTER TABLE `orderline` DISABLE KEYS */;
INSERT INTO `orderline` VALUES (5,3,'9000','INITIATED'),(6,3,'9001','INITIATED'),(7,4,'9002','BOOKED'),(8,4,'9003','BOOKED'),(9,5,'9004','CANCELLED'),(10,6,'9010','BOOKED'),(11,6,'9011','BOOKED'),(12,6,'9012','BOOKED'),(13,6,'9013','BOOKED'),(14,7,'9004','INITIATED'),(15,7,'9005','INITIATED'),(16,8,'9004','BOOKED'),(17,8,'9005','BOOKED'),(18,9,'9666','INITIATED'),(19,9,'9669','INITIATED'),(20,9,'9649','INITIATED'),(21,9,'9627','INITIATED'),(22,10,'9046','INITIATED'),(23,10,'9047','INITIATED'),(24,11,'9319','BOOKED'),(25,11,'9320','BOOKED'),(26,11,'9318','BOOKED'),(27,12,'9006','BOOKED'),(28,12,'9007','BOOKED'),(29,13,'9008','INITIATED'),(30,13,'9009','INITIATED'),(31,14,'9080','CANCELLED'),(32,14,'9081','CANCELLED'),(33,15,'9099','CANCELLED'),(34,15,'9079','CANCELLED'),(35,16,'9401','BOOKED'),(36,16,'9402','BOOKED'),(37,17,'9421','BOOKED'),(38,17,'9422','BOOKED');
/*!40000 ALTER TABLE `orderline` ENABLE KEYS */;
UNLOCK TABLES;

--
-- Table structure for table `orders`
--

DROP TABLE IF EXISTS `orders`;
/*!40101 SET @saved_cs_client     = @@character_set_client */;
/*!40101 SET character_set_client = utf8 */;
CREATE TABLE `orders` (
  `OID` int(11) NOT NULL AUTO_INCREMENT,
  `PTID` varchar(40) NOT NULL,
  `UUID` varchar(40) NOT NULL,
  `Status` varchar(50) NOT NULL,
  `NumOfSeatsSelected` varchar(50) NOT NULL,
  PRIMARY KEY (`OID`),
  KEY `UUID` (`UUID`),
  KEY `PTID` (`PTID`),
  CONSTRAINT `orders_ibfk_1` FOREIGN KEY (`UUID`) REFERENCES `usersdb1` (`UUID`) ON DELETE CASCADE,
  CONSTRAINT `orders_ibfk_2` FOREIGN KEY (`PTID`) REFERENCES `performancetime` (`PTID`) ON DELETE CASCADE
) ENGINE=InnoDB AUTO_INCREMENT=18 DEFAULT CHARSET=utf8;
/*!40101 SET character_set_client = @saved_cs_client */;

--
-- Dumping data for table `orders`
--

LOCK TABLES `orders` WRITE;
/*!40000 ALTER TABLE `orders` DISABLE KEYS */;
INSERT INTO `orders` VALUES (3,'753','c7c72556-24a9-4ca6-8ae7-11e2897a94ac','INITIATED','2'),(4,'753','9ca01bbf-d2fa-4abc-9af0-3ead885bb383','BOOKED','2'),(5,'753','c3177865-8d19-40d5-a5cc-009eb8c0742d','CANCELLED','1'),(6,'753','c3177865-8d19-40d5-a5cc-009eb8c0742d','BOOKED','4'),(7,'753','c3177865-8d19-40d5-a5cc-009eb8c0742d','INITIATED','2'),(8,'753','c3177865-8d19-40d5-a5cc-009eb8c0742d','BOOKED','2'),(9,'759','fe1f06b0-e6cd-444f-9601-b6ce3effa0d4','INITIATED','4'),(10,'753','fe1f06b0-e6cd-444f-9601-b6ce3effa0d4','INITIATED','2'),(11,'756','fe1f06b0-e6cd-444f-9601-b6ce3effa0d4','BOOKED','3'),(12,'753','c7c72556-24a9-4ca6-8ae7-11e2897a94ac','BOOKED','2'),(13,'753','c3177865-8d19-40d5-a5cc-009eb8c0742d','INITIATED','2'),(14,'753','c3177865-8d19-40d5-a5cc-009eb8c0742d','CANCELLED','2'),(15,'753','c3177865-8d19-40d5-a5cc-009eb8c0742d','CANCELLED','2'),(16,'757','c3177865-8d19-40d5-a5cc-009eb8c0742d','BOOKED','2'),(17,'757','c3177865-8d19-40d5-a5cc-009eb8c0742d','BOOKED','2');
/*!40000 ALTER TABLE `orders` ENABLE KEYS */;
UNLOCK TABLES;

--
-- Table structure for table `performance`
--

DROP TABLE IF EXISTS `performance`;
/*!40101 SET @saved_cs_client     = @@character_set_client */;
/*!40101 SET character_set_client = utf8 */;
CREATE TABLE `performance` (
  `PID` varchar(50) NOT NULL,
  `PerformanceName` varchar(50) NOT NULL,
  `PerformanceDescription` varchar(1000) DEFAULT NULL,
  PRIMARY KEY (`PID`)
) ENGINE=InnoDB DEFAULT CHARSET=utf8;
/*!40101 SET character_set_client = @saved_cs_client */;

--
-- Dumping data for table `performance`
--

LOCK TABLES `performance` WRITE;
/*!40000 ALTER TABLE `performance` DISABLE KEYS */;
INSERT INTO `performance` VALUES ('10','Batman Begins','A young Bruce Wayne (Christian Bale) travels to the Far East, where he\'s trained in the martial arts by Henri Ducard (Liam Neeson), a member of the mysterious League of Shadows. When Ducard reveals the League\'s true purpose -- the complete destruction of Gotham City -- Wayne returns to Gotham intent on cleaning up the city without resorting to murder. With the help of Alfred (Michael Caine), his loyal butler, and Lucius Fox (Morgan Freeman), a tech expert at Wayne Enterprises, Batman is born.'),('11','Rio 2','It\'s a jungle out there for Blu, Jewel and their three kids after they\'re hurtled from Rio de Janeiro to the wilds of the Amazon. As Blu tries to fit in, he goes beak-to-beak with the vengeful Nigel, and meets his father-in-law.'),('12','Suicide Squad','It feels good to be bad...Assemble a team of the world\'s most dangerous, incarcerated Super Villains, provide them with the most powerful arsenal at the government\'s disposal, and send them off on a mission to defeat an enigmatic, insuperable entity. U.S. intelligence officer Amanda Waller has determined only a secretly convened group of disparate, despicable individuals with next to nothing to lose will do. However, once they realize they weren\'t picked to succeed but chosen for their patent culpability when they inevitably fail, will the Suicide Squad resolve to die trying, or decide it\'s every man for himself?'),('13','Wall E','WALL-E, short for Waste Allocation Load Lifter Earth-class, is the last robot left on Earth. He spends his days tidying up the planet, one piece of garbage at a time. But during 700 years, WALL-E has developed a personality, and he\'s more than a little lonely. Then he spots EVE (Elissa Knight), a sleek and shapely probe sent back to Earth on a scanning mission. Smitten WALL-E embarks on his greatest adventure yet when he follows EVE across the galaxy.');
/*!40000 ALTER TABLE `performance` ENABLE KEYS */;
UNLOCK TABLES;

--
-- Table structure for table `performanceseats`
--

DROP TABLE IF EXISTS `performanceseats`;
/*!40101 SET @saved_cs_client     = @@character_set_client */;
/*!40101 SET character_set_client = utf8 */;
CREATE TABLE `performanceseats` (
  `PSID` varchar(50) NOT NULL,
  `PTID` varchar(50) NOT NULL,
  `RowNumber` varchar(50) NOT NULL,
  `SeatNumber` varchar(50) NOT NULL,
  `BookingStatus` varchar(50) NOT NULL,
  `CartStatus` varchar(30) NOT NULL,
  PRIMARY KEY (`PSID`),
  KEY `PTID` (`PTID`),
  CONSTRAINT `performanceseats_ibfk_1` FOREIGN KEY (`PTID`) REFERENCES `performancetime` (`PTID`) ON DELETE CASCADE
) ENGINE=InnoDB DEFAULT CHARSET=utf8;
/*!40101 SET character_set_client = @saved_cs_client */;

--
-- Dumping data for table `performanceseats`
--

LOCK TABLES `performanceseats` WRITE;
/*!40000 ALTER TABLE `performanceseats` DISABLE KEYS */;
INSERT INTO `performanceseats` VALUES ('9000','753','A','1','0','1'),('9001','753','A','2','0','1'),('9002','753','A','3','1','1'),('9003','753','A','4','1','1'),('9004','753','A','5','1','1'),('9005','753','A','6','1','1'),('9006','753','A','7','1','1'),('9007','753','A','8','1','1'),('9008','753','A','9','0','1'),('9009','753','A','10','0','1'),('9010','753','A','11','1','1'),('9011','753','A','12','1','1'),('9012','753','A','13','1','0'),('9013','753','A','14','1','0'),('9014','753','A','15','0','0'),('9015','753','A','16','0','0'),('9016','753','A','17','0','0'),('9017','753','A','18','0','0'),('9018','753','A','19','0','0'),('9019','753','A','20','0','0'),('9020','753','B','1','0','0'),('9021','753','B','2','0','0'),('9022','753','B','3','0','0'),('9023','753','B','4','0','0'),('9024','753','B','5','0','0'),('9025','753','B','6','0','0'),('9026','753','B','7','0','0'),('9027','753','B','8','0','0'),('9028','753','B','9','0','0'),('9029','753','B','10','0','0'),('9030','753','B','11','0','0'),('9031','753','B','12','0','0'),('9032','753','B','13','0','0'),('9033','753','B','14','0','0'),('9034','753','B','15','0','0'),('9035','753','B','16','0','0'),('9036','753','B','17','0','0'),('9037','753','B','18','0','0'),('9038','753','B','19','0','0'),('9039','753','B','20','0','0'),('9040','753','C','1','0','0'),('9041','753','C','2','0','0'),('9042','753','C','3','0','0'),('9043','753','C','4','0','0'),('9044','753','C','5','0','0'),('9045','753','C','6','0','0'),('9046','753','C','7','0','1'),('9047','753','C','8','0','1'),('9048','753','C','9','0','0'),('9049','753','C','10','0','0'),('9050','753','C','11','0','0'),('9051','753','C','12','0','0'),('9052','753','C','13','0','0'),('9053','753','C','14','0','0'),('9054','753','C','15','0','0'),('9055','753','C','16','0','0'),('9056','753','C','17','0','0'),('9057','753','C','18','0','0'),('9058','753','C','19','0','0'),('9059','753','C','20','0','0'),('9060','753','D','1','0','0'),('9061','753','D','2','0','0'),('9062','753','D','3','0','0'),('9063','753','D','4','0','0'),('9064','753','D','5','0','0'),('9065','753','D','6','0','0'),('9066','753','D','7','0','0'),('9067','753','D','8','0','0'),('9068','753','D','9','0','0'),('9069','753','D','10','0','0'),('9070','753','D','11','0','0'),('9071','753','D','12','0','0'),('9072','753','D','13','0','0'),('9073','753','D','14','0','0'),('9074','753','D','15','0','0'),('9075','753','D','16','0','0'),('9076','753','D','17','0','0'),('9077','753','D','18','0','0'),('9078','753','D','19','0','0'),('9079','753','D','20','0','0'),('9080','753','E','1','0','0'),('9081','753','E','2','0','0'),('9082','753','E','3','0','0'),('9083','753','E','4','0','0'),('9084','753','E','5','0','0'),('9085','753','E','6','0','0'),('9086','753','E','7','0','0'),('9087','753','E','8','0','0'),('9088','753','E','9','0','0'),('9089','753','E','10','0','0'),('9090','753','E','11','0','0'),('9091','753','E','12','0','0'),('9092','753','E','13','0','0'),('9093','753','E','14','0','0'),('9094','753','E','15','0','0'),('9095','753','E','16','0','0'),('9096','753','E','17','0','0'),('9097','753','E','18','0','0'),('9098','753','E','19','0','0'),('9099','753','E','20','0','0'),('9101','754','A','1','0','0'),('9102','754','A','2','0','0'),('9103','754','A','3','0','0'),('9104','754','A','4','0','0'),('9105','754','A','5','0','0'),('9106','754','A','6','0','0'),('9107','754','A','7','0','0'),('9108','754','A','8','0','0'),('9109','754','A','9','0','0'),('9110','754','A','10','0','0'),('9111','754','A','11','0','0'),('9112','754','A','12','0','0'),('9113','754','A','13','0','0'),('9114','754','A','14','0','0'),('9115','754','A','15','0','0'),('9116','754','A','16','0','0'),('9117','754','A','17','0','0'),('9118','754','A','18','0','0'),('9119','754','A','19','0','0'),('9120','754','A','20','0','0'),('9121','754','B','1','0','0'),('9122','754','B','2','0','0'),('9123','754','B','3','0','0'),('9124','754','B','4','0','0'),('9125','754','B','5','0','0'),('9126','754','B','6','0','0'),('9127','754','B','7','0','0'),('9128','754','B','8','0','0'),('9129','754','B','9','0','0'),('9130','754','B','10','0','0'),('9131','754','B','11','0','0'),('9132','754','B','12','0','0'),('9133','754','B','13','0','0'),('9134','754','B','14','0','0'),('9135','754','B','15','0','0'),('9136','754','B','16','0','0'),('9137','754','B','17','0','0'),('9138','754','B','18','0','0'),('9139','754','B','19','0','0'),('9140','754','B','20','0','0'),('9141','754','C','1','0','0'),('9142','754','C','2','0','0'),('9143','754','C','3','0','0'),('9144','754','C','4','0','0'),('9145','754','C','5','0','0'),('9146','754','C','6','0','0'),('9147','754','C','7','0','0'),('9148','754','C','8','0','0'),('9149','754','C','9','0','0'),('9150','754','C','10','0','0'),('9151','754','C','11','0','0'),('9152','754','C','12','0','0'),('9153','754','C','13','0','0'),('9154','754','C','14','0','0'),('9155','754','C','15','0','0'),('9156','754','C','16','0','0'),('9157','754','C','17','0','0'),('9158','754','C','18','0','0'),('9159','754','C','19','0','0'),('9160','754','C','20','0','0'),('9161','754','D','1','0','0'),('9162','754','D','2','0','0'),('9163','754','D','3','0','0'),('9164','754','D','4','0','0'),('9165','754','D','5','0','0'),('9166','754','D','6','0','0'),('9167','754','D','7','0','0'),('9168','754','D','8','0','0'),('9169','754','D','9','0','0'),('9170','754','D','10','0','0'),('9171','754','D','11','0','0'),('9172','754','D','12','0','0'),('9173','754','D','13','0','0'),('9174','754','D','14','0','0'),('9175','754','D','15','0','0'),('9176','754','D','16','0','0'),('9177','754','D','17','0','0'),('9178','754','D','18','0','0'),('9179','754','D','19','0','0'),('9180','754','D','20','0','0'),('9181','754','E','1','0','0'),('9182','754','E','2','0','0'),('9183','754','E','3','0','0'),('9184','754','E','4','0','0'),('9185','754','E','5','0','0'),('9186','754','E','6','0','0'),('9187','754','E','7','0','0'),('9188','754','E','8','0','0'),('9189','754','E','9','0','0'),('9190','754','E','10','0','0'),('9191','754','E','11','0','0'),('9192','754','E','12','0','0'),('9193','754','E','13','0','0'),('9194','754','E','14','0','0'),('9195','754','E','15','0','0'),('9196','754','E','16','0','0'),('9197','754','E','17','0','0'),('9198','754','E','18','0','0'),('9199','754','E','19','0','0'),('9200','754','E','20','0','0'),('9201','755','A','1','0','0'),('9202','755','A','2','0','0'),('9203','755','A','3','0','0'),('9204','755','A','4','0','0'),('9205','755','A','5','0','0'),('9206','755','A','6','0','0'),('9207','755','A','7','0','0'),('9208','755','A','8','0','0'),('9209','755','A','9','0','0'),('9210','755','A','10','0','0'),('9211','755','A','11','0','0'),('9212','755','A','12','0','0'),('9213','755','A','13','0','0'),('9214','755','A','14','0','0'),('9215','755','A','15','0','0'),('9216','755','A','16','0','0'),('9217','755','A','17','0','0'),('9218','755','A','18','0','0'),('9219','755','A','19','0','0'),('9220','755','A','20','0','0'),('9221','755','B','1','0','0'),('9222','755','B','2','0','0'),('9223','755','B','3','0','0'),('9224','755','B','4','0','0'),('9225','755','B','5','0','0'),('9226','755','B','6','0','0'),('9227','755','B','7','0','0'),('9228','755','B','8','0','0'),('9229','755','B','9','0','0'),('9230','755','B','10','0','0'),('9231','755','B','11','0','0'),('9232','755','B','12','0','0'),('9233','755','B','13','0','0'),('9234','755','B','14','0','0'),('9235','755','B','15','0','0'),('9236','755','B','16','0','0'),('9237','755','B','17','0','0'),('9238','755','B','18','0','0'),('9239','755','B','19','0','0'),('9240','755','B','20','0','0'),('9241','755','C','1','0','0'),('9242','755','C','2','0','0'),('9243','755','C','3','0','0'),('9244','755','C','4','0','0'),('9245','755','C','5','0','0'),('9246','755','C','6','0','0'),('9247','755','C','7','0','0'),('9248','755','C','8','0','0'),('9249','755','C','9','0','0'),('9250','755','C','10','0','0'),('9251','755','C','11','0','0'),('9252','755','C','12','0','0'),('9253','755','C','13','0','0'),('9254','755','C','14','0','0'),('9255','755','C','15','0','0'),('9256','755','C','16','0','0'),('9257','755','C','17','0','0'),('9258','755','C','18','0','0'),('9259','755','C','19','0','0'),('9260','755','C','20','0','0'),('9261','755','D','1','0','0'),('9262','755','D','2','0','0'),('9263','755','D','3','0','0'),('9264','755','D','4','0','0'),('9265','755','D','5','0','0'),('9266','755','D','6','0','0'),('9267','755','D','7','0','0'),('9268','755','D','8','0','0'),('9269','755','D','9','0','0'),('9270','755','D','10','0','0'),('9271','755','D','11','0','0'),('9272','755','D','12','0','0'),('9273','755','D','13','0','0'),('9274','755','D','14','0','0'),('9275','755','D','15','0','0'),('9276','755','D','16','0','0'),('9277','755','D','17','0','0'),('9278','755','D','18','0','0'),('9279','755','D','19','0','0'),('9280','755','D','20','0','0'),('9281','755','E','1','0','0'),('9282','755','E','2','0','0'),('9283','755','E','3','0','0'),('9284','755','E','4','0','0'),('9285','755','E','5','0','0'),('9286','755','E','6','0','0'),('9287','755','E','7','0','0'),('9288','755','E','8','0','0'),('9289','755','E','9','0','0'),('9290','755','E','10','0','0'),('9291','755','E','11','0','0'),('9292','755','E','12','0','0'),('9293','755','E','13','0','0'),('9294','755','E','14','0','0'),('9295','755','E','15','0','0'),('9296','755','E','16','0','0'),('9297','755','E','17','0','0'),('9298','755','E','18','0','0'),('9299','755','E','19','0','0'),('9300','755','E','20','0','0'),('9301','756','A','1','0','0'),('9302','756','A','2','0','0'),('9303','756','A','3','0','0'),('9304','756','A','4','0','0'),('9305','756','A','5','0','0'),('9306','756','A','6','0','0'),('9307','756','A','7','0','0'),('9308','756','A','8','0','0'),('9309','756','A','9','0','0'),('9310','756','A','10','0','0'),('9311','756','A','11','0','0'),('9312','756','A','12','0','0'),('9313','756','A','13','0','0'),('9314','756','A','14','0','0'),('9315','756','A','15','0','0'),('9316','756','A','16','0','0'),('9317','756','A','17','0','0'),('9318','756','A','18','1','1'),('9319','756','A','19','1','1'),('9320','756','A','20','1','1'),('9321','756','B','1','0','0'),('9322','756','B','2','0','0'),('9323','756','B','3','0','0'),('9324','756','B','4','0','0'),('9325','756','B','5','0','0'),('9326','756','B','6','0','0'),('9327','756','B','7','0','0'),('9328','756','B','8','0','0'),('9329','756','B','9','0','0'),('9330','756','B','10','0','0'),('9331','756','B','11','0','0'),('9332','756','B','12','0','0'),('9333','756','B','13','0','0'),('9334','756','B','14','0','0'),('9335','756','B','15','0','0'),('9336','756','B','16','0','0'),('9337','756','B','17','0','0'),('9338','756','B','18','0','0'),('9339','756','B','19','0','0'),('9340','756','B','20','0','0'),('9341','756','C','1','0','0'),('9342','756','C','2','0','0'),('9343','756','C','3','0','0'),('9344','756','C','4','0','0'),('9345','756','C','5','0','0'),('9346','756','C','6','0','0'),('9347','756','C','7','0','0'),('9348','756','C','8','0','0'),('9349','756','C','9','0','0'),('9350','756','C','10','0','0'),('9351','756','C','11','0','0'),('9352','756','C','12','0','0'),('9353','756','C','13','0','0'),('9354','756','C','14','0','0'),('9355','756','C','15','0','0'),('9356','756','C','16','0','0'),('9357','756','C','17','0','0'),('9358','756','C','18','0','0'),('9359','756','C','19','0','0'),('9360','756','C','20','0','0'),('9361','756','D','1','0','0'),('9362','756','D','2','0','0'),('9363','756','D','3','0','0'),('9364','756','D','4','0','0'),('9365','756','D','5','0','0'),('9366','756','D','6','0','0'),('9367','756','D','7','0','0'),('9368','756','D','8','0','0'),('9369','756','D','9','0','0'),('9370','756','D','10','0','0'),('9371','756','D','11','0','0'),('9372','756','D','12','0','0'),('9373','756','D','13','0','0'),('9374','756','D','14','0','0'),('9375','756','D','15','0','0'),('9376','756','D','16','0','0'),('9377','756','D','17','0','0'),('9378','756','D','18','0','0'),('9379','756','D','19','0','0'),('9380','756','D','20','0','0'),('9381','756','E','1','0','0'),('9382','756','E','2','0','0'),('9383','756','E','3','0','0'),('9384','756','E','4','0','0'),('9385','756','E','5','0','0'),('9386','756','E','6','0','0'),('9387','756','E','7','0','0'),('9388','756','E','8','0','0'),('9389','756','E','9','0','0'),('9390','756','E','10','0','0'),('9391','756','E','11','0','0'),('9392','756','E','12','0','0'),('9393','756','E','13','0','0'),('9394','756','E','14','0','0'),('9395','756','E','15','0','0'),('9396','756','E','16','0','0'),('9397','756','E','17','0','0'),('9398','756','E','18','0','0'),('9399','756','E','19','0','0'),('9400','756','E','20','0','0'),('9401','757','A','1','1','1'),('9402','757','A','2','1','1'),('9403','757','A','3','0','0'),('9404','757','A','4','0','0'),('9405','757','A','5','0','0'),('9406','757','A','6','0','0'),('9407','757','A','7','0','0'),('9408','757','A','8','0','0'),('9409','757','A','9','0','0'),('9410','757','A','10','0','0'),('9411','757','A','11','0','0'),('9412','757','A','12','0','0'),('9413','757','A','13','0','0'),('9414','757','A','14','0','0'),('9415','757','A','15','0','0'),('9416','757','A','16','0','0'),('9417','757','A','17','0','0'),('9418','757','A','18','0','0'),('9419','757','A','19','0','0'),('9420','757','A','20','0','0'),('9421','757','B','1','1','1'),('9422','757','B','2','1','1'),('9423','757','B','3','0','0'),('9424','757','B','4','0','0'),('9425','757','B','5','0','0'),('9426','757','B','6','0','0'),('9427','757','B','7','0','0'),('9428','757','B','8','0','0'),('9429','757','B','9','0','0'),('9430','757','B','10','0','0'),('9431','757','B','11','0','0'),('9432','757','B','12','0','0'),('9433','757','B','13','0','0'),('9434','757','B','14','0','0'),('9435','757','B','15','0','0'),('9436','757','B','16','0','0'),('9437','757','B','17','0','0'),('9438','757','B','18','0','0'),('9439','757','B','19','0','0'),('9440','757','B','20','0','0'),('9441','757','C','1','0','0'),('9442','757','C','2','0','0'),('9443','757','C','3','0','0'),('9444','757','C','4','0','0'),('9445','757','C','5','0','0'),('9446','757','C','6','0','0'),('9447','757','C','7','0','0'),('9448','757','C','8','0','0'),('9449','757','C','9','0','0'),('9450','757','C','10','0','0'),('9451','757','C','11','0','0'),('9452','757','C','12','0','0'),('9453','757','C','13','0','0'),('9454','757','C','14','0','0'),('9455','757','C','15','0','0'),('9456','757','C','16','0','0'),('9457','757','C','17','0','0'),('9458','757','C','18','0','0'),('9459','757','C','19','0','0'),('9460','757','C','20','0','0'),('9461','757','D','1','0','0'),('9462','757','D','2','0','0'),('9463','757','D','3','0','0'),('9464','757','D','4','0','0'),('9465','757','D','5','0','0'),('9466','757','D','6','0','0'),('9467','757','D','7','0','0'),('9468','757','D','8','0','0'),('9469','757','D','9','0','0'),('9470','757','D','10','0','0'),('9471','757','D','11','0','0'),('9472','757','D','12','0','0'),('9473','757','D','13','0','0'),('9474','757','D','14','0','0'),('9475','757','D','15','0','0'),('9476','757','D','16','0','0'),('9477','757','D','17','0','0'),('9478','757','D','18','0','0'),('9479','757','D','19','0','0'),('9480','757','D','20','0','0'),('9481','757','E','1','0','0'),('9482','757','E','2','0','0'),('9483','757','E','3','0','0'),('9484','757','E','4','0','0'),('9485','757','E','5','0','0'),('9486','757','E','6','0','0'),('9487','757','E','7','0','0'),('9488','757','E','8','0','0'),('9489','757','E','9','0','0'),('9490','757','E','10','0','0'),('9491','757','E','11','0','0'),('9492','757','E','12','0','0'),('9493','757','E','13','0','0'),('9494','757','E','14','0','0'),('9495','757','E','15','0','0'),('9496','757','E','16','0','0'),('9497','757','E','17','0','0'),('9498','757','E','18','0','0'),('9499','757','E','19','0','0'),('9500','757','E','20','0','0'),('9501','758','A','1','0','0'),('9502','758','A','2','0','0'),('9503','758','A','3','0','0'),('9504','758','A','4','0','0'),('9505','758','A','5','0','0'),('9506','758','A','6','0','0'),('9507','758','A','7','0','0'),('9508','758','A','8','0','0'),('9509','758','A','9','0','0'),('9510','758','A','10','0','0'),('9511','758','A','11','0','0'),('9512','758','A','12','0','0'),('9513','758','A','13','0','0'),('9514','758','A','14','0','0'),('9515','758','A','15','0','0'),('9516','758','A','16','0','0'),('9517','758','A','17','0','0'),('9518','758','A','18','0','0'),('9519','758','A','19','0','0'),('9520','758','A','20','0','0'),('9521','758','B','1','0','0'),('9522','758','B','2','0','0'),('9523','758','B','3','0','0'),('9524','758','B','4','0','0'),('9525','758','B','5','0','0'),('9526','758','B','6','0','0'),('9527','758','B','7','0','0'),('9528','758','B','8','0','0'),('9529','758','B','9','0','0'),('9530','758','B','10','0','0'),('9531','758','B','11','0','0'),('9532','758','B','12','0','0'),('9533','758','B','13','0','0'),('9534','758','B','14','0','0'),('9535','758','B','15','0','0'),('9536','758','B','16','0','0'),('9537','758','B','17','0','0'),('9538','758','B','18','0','0'),('9539','758','B','19','0','0'),('9540','758','B','20','0','0'),('9541','758','C','1','0','0'),('9542','758','C','2','0','0'),('9543','758','C','3','0','0'),('9544','758','C','4','0','0'),('9545','758','C','5','0','0'),('9546','758','C','6','0','0'),('9547','758','C','7','0','0'),('9548','758','C','8','0','0'),('9549','758','C','9','0','0'),('9550','758','C','10','0','0'),('9551','758','C','11','0','0'),('9552','758','C','12','0','0'),('9553','758','C','13','0','0'),('9554','758','C','14','0','0'),('9555','758','C','15','0','0'),('9556','758','C','16','0','0'),('9557','758','C','17','0','0'),('9558','758','C','18','0','0'),('9559','758','C','19','0','0'),('9560','758','C','20','0','0'),('9561','758','D','1','0','0'),('9562','758','D','2','0','0'),('9563','758','D','3','0','0'),('9564','758','D','4','0','0'),('9565','758','D','5','0','0'),('9566','758','D','6','0','0'),('9567','758','D','7','0','0'),('9568','758','D','8','0','0'),('9569','758','D','9','0','0'),('9570','758','D','10','0','0'),('9571','758','D','11','0','0'),('9572','758','D','12','0','0'),('9573','758','D','13','0','0'),('9574','758','D','14','0','0'),('9575','758','D','15','0','0'),('9576','758','D','16','0','0'),('9577','758','D','17','0','0'),('9578','758','D','18','0','0'),('9579','758','D','19','0','0'),('9580','758','D','20','0','0'),('9581','758','E','1','0','0'),('9582','758','E','2','0','0'),('9583','758','E','3','0','0'),('9584','758','E','4','0','0'),('9585','758','E','5','0','0'),('9586','758','E','6','0','0'),('9587','758','E','7','0','0'),('9588','758','E','8','0','0'),('9589','758','E','9','0','0'),('9590','758','E','10','0','0'),('9591','758','E','11','0','0'),('9592','758','E','12','0','0'),('9593','758','E','13','0','0'),('9594','758','E','14','0','0'),('9595','758','E','15','0','0'),('9596','758','E','16','0','0'),('9597','758','E','17','0','0'),('9598','758','E','18','0','0'),('9599','758','E','19','0','0'),('9600','758','E','20','0','0'),('9601','759','A','1','0','0'),('9602','759','A','2','0','0'),('9603','759','A','3','0','0'),('9604','759','A','4','0','0'),('9605','759','A','5','0','0'),('9606','759','A','6','0','0'),('9607','759','A','7','0','0'),('9608','759','A','8','0','0'),('9609','759','A','9','0','0'),('9610','759','A','10','0','0'),('9611','759','A','11','0','0'),('9612','759','A','12','0','0'),('9613','759','A','13','0','0'),('9614','759','A','14','0','0'),('9615','759','A','15','0','0'),('9616','759','A','16','0','0'),('9617','759','A','17','0','0'),('9618','759','A','18','0','0'),('9619','759','A','19','0','0'),('9620','759','A','20','0','0'),('9621','759','B','1','0','0'),('9622','759','B','2','0','0'),('9623','759','B','3','0','0'),('9624','759','B','4','0','0'),('9625','759','B','5','0','0'),('9626','759','B','6','0','0'),('9627','759','B','7','0','1'),('9628','759','B','8','0','0'),('9629','759','B','9','0','0'),('9630','759','B','10','0','0'),('9631','759','B','11','0','0'),('9632','759','B','12','0','0'),('9633','759','B','13','0','0'),('9634','759','B','14','0','0'),('9635','759','B','15','0','0'),('9636','759','B','16','0','0'),('9637','759','B','17','0','0'),('9638','759','B','18','0','0'),('9639','759','B','19','0','0'),('9640','759','B','20','0','0'),('9641','759','C','1','0','0'),('9642','759','C','2','0','0'),('9643','759','C','3','0','0'),('9644','759','C','4','0','0'),('9645','759','C','5','0','0'),('9646','759','C','6','0','0'),('9647','759','C','7','0','0'),('9648','759','C','8','0','0'),('9649','759','C','9','0','1'),('9650','759','C','10','0','0'),('9651','759','C','11','0','0'),('9652','759','C','12','0','0'),('9653','759','C','13','0','0'),('9654','759','C','14','0','0'),('9655','759','C','15','0','0'),('9656','759','C','16','0','0'),('9657','759','C','17','0','0'),('9658','759','C','18','0','0'),('9659','759','C','19','0','0'),('9660','759','C','20','0','0'),('9661','759','D','1','0','0'),('9662','759','D','2','0','0'),('9663','759','D','3','0','0'),('9664','759','D','4','0','0'),('9665','759','D','5','0','0'),('9666','759','D','6','0','1'),('9667','759','D','7','0','0'),('9668','759','D','8','0','0'),('9669','759','D','9','0','1'),('9670','759','D','10','0','0'),('9671','759','D','11','0','0'),('9672','759','D','12','0','0'),('9673','759','D','13','0','0'),('9674','759','D','14','0','0'),('9675','759','D','15','0','0'),('9676','759','D','16','0','0'),('9677','759','D','17','0','0'),('9678','759','D','18','0','0'),('9679','759','D','19','0','0'),('9680','759','D','20','0','0'),('9681','759','E','1','0','0'),('9682','759','E','2','0','0'),('9683','759','E','3','0','0'),('9684','759','E','4','0','0'),('9685','759','E','5','0','0'),('9686','759','E','6','0','0'),('9687','759','E','7','0','0'),('9688','759','E','8','0','0'),('9689','759','E','9','0','0'),('9690','759','E','10','0','0'),('9691','759','E','11','0','0'),('9692','759','E','12','0','0'),('9693','759','E','13','0','0'),('9694','759','E','14','0','0'),('9695','759','E','15','0','0'),('9696','759','E','16','0','0'),('9697','759','E','17','0','0'),('9698','759','E','18','0','0'),('9699','759','E','19','0','0'),('9700','759','E','20','0','0'),('9701','760','A','1','0','0'),('9702','760','A','2','0','0'),('9703','760','A','3','0','0'),('9704','760','A','4','0','0'),('9705','760','A','5','0','0'),('9706','760','A','6','0','0'),('9707','760','A','7','0','0'),('9708','760','A','8','0','0'),('9709','760','A','9','0','0'),('9710','760','A','10','0','0'),('9711','760','A','11','0','0'),('9712','760','A','12','0','0'),('9713','760','A','13','0','0'),('9714','760','A','14','0','0'),('9715','760','A','15','0','0'),('9716','760','A','16','0','0'),('9717','760','A','17','0','0'),('9718','760','A','18','0','0'),('9719','760','A','19','0','0'),('9720','760','A','20','0','0'),('9721','760','B','1','0','0'),('9722','760','B','2','0','0'),('9723','760','B','3','0','0'),('9724','760','B','4','0','0'),('9725','760','B','5','0','0'),('9726','760','B','6','0','0'),('9727','760','B','7','0','0'),('9728','760','B','8','0','0'),('9729','760','B','9','0','0'),('9730','760','B','10','0','0'),('9731','760','B','11','0','0'),('9732','760','B','12','0','0'),('9733','760','B','13','0','0'),('9734','760','B','14','0','0'),('9735','760','B','15','0','0'),('9736','760','B','16','0','0'),('9737','760','B','17','0','0'),('9738','760','B','18','0','0'),('9739','760','B','19','0','0'),('9740','760','B','20','0','0'),('9741','760','C','1','0','0'),('9742','760','C','2','0','0'),('9743','760','C','3','0','0'),('9744','760','C','4','0','0'),('9745','760','C','5','0','0'),('9746','760','C','6','0','0'),('9747','760','C','7','0','0'),('9748','760','C','8','0','0'),('9749','760','C','9','0','0'),('9750','760','C','10','0','0'),('9751','760','C','11','0','0'),('9752','760','C','12','0','0'),('9753','760','C','13','0','0'),('9754','760','C','14','0','0'),('9755','760','C','15','0','0'),('9756','760','C','16','0','0'),('9757','760','C','17','0','0'),('9758','760','C','18','0','0'),('9759','760','C','19','0','0'),('9760','760','C','20','0','0'),('9761','760','D','1','0','0'),('9762','760','D','2','0','0'),('9763','760','D','3','0','0'),('9764','760','D','4','0','0'),('9765','760','D','5','0','0'),('9766','760','D','6','0','0'),('9767','760','D','7','0','0'),('9768','760','D','8','0','0'),('9769','760','D','9','0','0'),('9770','760','D','10','0','0'),('9771','760','D','11','0','0'),('9772','760','D','12','0','0'),('9773','760','D','13','0','0'),('9774','760','D','14','0','0'),('9775','760','D','15','0','0'),('9776','760','D','16','0','0'),('9777','760','D','17','0','0'),('9778','760','D','18','0','0'),('9779','760','D','19','0','0'),('9780','760','D','20','0','0'),('9781','760','E','1','0','0'),('9782','760','E','2','0','0'),('9783','760','E','3','0','0'),('9784','760','E','4','0','0'),('9785','760','E','5','0','0'),('9786','760','E','6','0','0'),('9787','760','E','7','0','0'),('9788','760','E','8','0','0'),('9789','760','E','9','0','0'),('9790','760','E','10','0','0'),('9791','760','E','11','0','0'),('9792','760','E','12','0','0'),('9793','760','E','13','0','0'),('9794','760','E','14','0','0'),('9795','760','E','15','0','0'),('9796','760','E','16','0','0'),('9797','760','E','17','0','0'),('9798','760','E','18','0','0'),('9799','760','E','19','0','0'),('9800','760','E','20','0','0');
/*!40000 ALTER TABLE `performanceseats` ENABLE KEYS */;
UNLOCK TABLES;

--
-- Table structure for table `performancetime`
--

DROP TABLE IF EXISTS `performancetime`;
/*!40101 SET @saved_cs_client     = @@character_set_client */;
/*!40101 SET character_set_client = utf8 */;
CREATE TABLE `performancetime` (
  `PTID` varchar(50) NOT NULL,
  `Date` date NOT NULL,
  `Time` time NOT NULL,
  `PID` varchar(50) NOT NULL,
  `SID` varchar(50) NOT NULL,
  `TicketsAvailable` varchar(50) DEFAULT NULL,
  PRIMARY KEY (`PTID`),
  KEY `PID` (`PID`),
  KEY `SID` (`SID`),
  CONSTRAINT `performancetime_ibfk_1` FOREIGN KEY (`PID`) REFERENCES `performance` (`PID`) ON DELETE CASCADE,
  CONSTRAINT `performancetime_ibfk_2` FOREIGN KEY (`SID`) REFERENCES `screen` (`SID`) ON DELETE CASCADE
) ENGINE=InnoDB DEFAULT CHARSET=utf8;
/*!40101 SET character_set_client = @saved_cs_client */;

--
-- Dumping data for table `performancetime`
--

LOCK TABLES `performancetime` WRITE;
/*!40000 ALTER TABLE `performancetime` DISABLE KEYS */;
INSERT INTO `performancetime` VALUES ('753','2017-02-27','04:00:00','10','1','90'),('754','2017-02-27','08:00:00','10','1','100'),('755','2017-02-27','09:00:00','11','2','100'),('756','2017-02-28','11:00:00','11','2','97'),('757','2017-02-28','14:00:00','12','2','96'),('758','2017-02-28','17:30:00','12','2','100'),('759','2017-02-27','13:00:00','13','1','100'),('760','2017-02-28','19:30:00','13','1','100');
/*!40000 ALTER TABLE `performancetime` ENABLE KEYS */;
UNLOCK TABLES;

--
-- Table structure for table `screen`
--

DROP TABLE IF EXISTS `screen`;
/*!40101 SET @saved_cs_client     = @@character_set_client */;
/*!40101 SET character_set_client = utf8 */;
CREATE TABLE `screen` (
  `SID` varchar(40) NOT NULL,
  `ScreenName` varchar(50) NOT NULL,
  `NoOfRows` varchar(50) NOT NULL,
  `NoOfColumns` varchar(50) NOT NULL,
  PRIMARY KEY (`SID`)
) ENGINE=InnoDB DEFAULT CHARSET=utf8;
/*!40101 SET character_set_client = @saved_cs_client */;

--
-- Dumping data for table `screen`
--

LOCK TABLES `screen` WRITE;
/*!40000 ALTER TABLE `screen` DISABLE KEYS */;
INSERT INTO `screen` VALUES ('1','Plush','5','20'),('2','Evam','5','20');
/*!40000 ALTER TABLE `screen` ENABLE KEYS */;
UNLOCK TABLES;

--
-- Table structure for table `usersdb1`
--

DROP TABLE IF EXISTS `usersdb1`;
/*!40101 SET @saved_cs_client     = @@character_set_client */;
/*!40101 SET character_set_client = utf8 */;
CREATE TABLE `usersdb1` (
  `UUID` varchar(40) NOT NULL,
  `FirstName` varchar(50) NOT NULL,
  `LastName` varchar(50) NOT NULL,
  `emailId` varchar(50) NOT NULL,
  PRIMARY KEY (`UUID`),
  UNIQUE KEY `emailId` (`emailId`)
) ENGINE=InnoDB DEFAULT CHARSET=utf8;
/*!40101 SET character_set_client = @saved_cs_client */;

--
-- Dumping data for table `usersdb1`
--

LOCK TABLES `usersdb1` WRITE;
/*!40000 ALTER TABLE `usersdb1` DISABLE KEYS */;
INSERT INTO `usersdb1` VALUES ('153d85fb-dc50-4973-a2a8-12b478460e21','dougadfadfdsa','lundquist','doug2@uic.edu'),('20fc435e-5ed0-4800-a7e0-fe187ae0b839','doug','lundquist','doug1@uic.edu'),('44b672ad-2966-4028-8a3c-a09501d58944','Vasanth','R','vrajen2@uic.edu'),('75e6347a-c799-4000-ab62-42a2f2c9ab0d','saai','k','saai@gmail.com'),('9ca01bbf-d2fa-4abc-9af0-3ead885bb383','saai','krishnan','saaikrishnan18@gmail.com'),('c3177865-8d19-40d5-a5cc-009eb8c0742d','Saai Krishnan','Udayakumar','sudaya2@uic.edu'),('c7c72556-24a9-4ca6-8ae7-11e2897a94ac','Vasanth','Rajendran','vasanth@uic.edu'),('ce53c1c7-c821-4649-8efd-d3b1f3e2704d','doug','lundquist','doug@uic.edu'),('f3307a82-c976-49d2-8f89-9d634ea9789e','sibi','senthur','sibisenthur@gmail.com'),('fe1f06b0-e6cd-444f-9601-b6ce3effa0d4','Apurva','Krishnan','apurva@uic.edu');
/*!40000 ALTER TABLE `usersdb1` ENABLE KEYS */;
UNLOCK TABLES;
/*!40103 SET TIME_ZONE=@OLD_TIME_ZONE */;

/*!40101 SET SQL_MODE=@OLD_SQL_MODE */;
/*!40014 SET FOREIGN_KEY_CHECKS=@OLD_FOREIGN_KEY_CHECKS */;
/*!40014 SET UNIQUE_CHECKS=@OLD_UNIQUE_CHECKS */;
/*!40101 SET CHARACTER_SET_CLIENT=@OLD_CHARACTER_SET_CLIENT */;
/*!40101 SET CHARACTER_SET_RESULTS=@OLD_CHARACTER_SET_RESULTS */;
/*!40101 SET COLLATION_CONNECTION=@OLD_COLLATION_CONNECTION */;
/*!40111 SET SQL_NOTES=@OLD_SQL_NOTES */;

-- Dump completed on 2017-02-27  8:18:37
